student_id,name,programme,attendance,study_hours,assignment_avg,quiz_avg,previous_exam,final_score
STU-2024001,Priya Iqbal,Information Systems,79.3,17.5,85.8,72.5,59.9,83.7
STU-2024002,Olivia Rahman,Computer Science,84.7,8.5,48.7,64.1,60.7,57.5
STU-2024003,Priya Becker,Computer Science,100.0,12.9,72.5,87.4,58.6,71.2
STU-2024004,Olivia Müller,Applied Mathematics,89.0,13.7,89.0,69.9,85.3,89.1
STU-2024005,Jonas Iqbal,Applied Mathematics,94.5,15.2,63.9,48.0,41.1,66.0
STU-2024006,Priya Nowak,Data Science,87.0,8.2,65.4,64.6,39.8,56.5
STU-2024007,Hamza Brown,Computer Science,73.1,3.2,57.3,69.8,61.9,50.7
STU-2024008,Layla Silva,Applied Mathematics,71.1,7.6,68.7,65.8,53.1,57.2
STU-2024009,Noah Smith,Applied Mathematics,73.6,7.6,78.0,63.9,71.7,68.5
STU-2024010,Fatima Fischer,Computer Science,75.5,7.2,66.7,54.9,60.6,66.2
STU-2024011,Amira Weber,Information Systems,100.0,16.2,88.5,82.7,61.8,79.7
STU-2024012,Kenji Malik,Data Science,86.1,13.1,79.6,76.1,71.1,77.8
STU-2024013,Jonas Martin,Information Systems,86.4,7.8,66.7,67.0,58.9,68.4
STU-2024014,Ibrahim Rahman,Software Engineering,67.3,8.6,64.3,78.9,88.9,62.0
STU-2024015,Daniel Kowalski,Computer Science,85.8,8.1,77.9,68.5,59.8,73.4
STU-2024016,Yusuf Rossi,Data Science,74.2,1.7,63.3,59.8,67.5,52.8
STU-2024017,Usman Brown,Software Engineering,71.4,10.4,62.5,91.1,69.2,72.4
STU-2024018,Ali Garcia,Information Systems,85.6,9.3,61.0,45.6,44.2,57.8
STU-2024019,Nora Müller,Computer Science,98.5,12.0,78.7,82.2,70.1,85.3
STU-2024020,Ali Tanaka,Applied Mathematics,84.9,13.5,68.8,63.3,58.0,71.9
STU-2024021,Lucas Schmidt,Information Systems,53.5,1.8,59.2,65.4,52.6,38.9
STU-2024022,Layla Patel,Applied Mathematics,84.3,6.7,54.9,61.4,57.6,56.1
STU-2024023,Ibrahim Chen,Applied Mathematics,77.2,12.1,87.0,86.9,69.8,79.7
STU-2024024,Kenji Nowak,Computer Science,83.3,13.3,77.2,75.4,45.7,68.7
STU-2024025,Liam Haddad,Computer Science,94.4,17.0,74.7,67.9,56.8,78.4
STU-2024026,Emma Fischer,Information Systems,55.3,3.0,43.6,67.9,46.4,49.2
STU-2024027,Ibrahim Rahman,Computer Science,67.6,4.7,67.9,56.3,65.4,61.9
STU-2024028,Noah Patel,Computer Science,89.6,13.6,85.6,84.3,62.1,78.7
STU-2024029,Priya Wang,Software Engineering,66.2,3.3,51.1,72.0,63.0,47.4
STU-2024030,Aisha Yilmaz,Applied Mathematics,78.4,15.1,81.2,83.2,86.2,82.6
STU-2024031,Maryam Haddad,Information Systems,89.7,15.8,86.0,83.8,91.2,92.2
STU-2024032,Fatima Hoffmann,Software Engineering,90.4,16.7,77.4,59.4,62.1,71.0
STU-2024033,Usman Brown,Computer Science,73.1,11.7,60.5,62.2,44.6,62.1
STU-2024034,Ali Tanaka,Data Science,80.6,15.7,71.2,60.6,50.0,72.3
STU-2024035,Lucas Chen,Information Systems,95.6,14.6,86.3,78.9,74.1,85.1
STU-2024036,Fatima Garcia,Computer Science,86.0,12.9,94.3,88.5,70.4,70.0
STU-2024037,Priya Iqbal,Software Engineering,98.2,12.7,70.9,54.9,70.9,68.6
STU-2024038,Hira Johnson,Computer Science,86.7,10.5,68.0,66.1,45.3,72.3
STU-2024039,Mia Silva,Data Science,77.4,6.0,51.4,57.3,52.8,52.2
STU-2024040,Daniel Hussain,Data Science,79.8,12.1,84.3,73.4,68.1,67.1
STU-2024041,Hannah Müller,Information Systems,85.7,10.0,73.4,65.6,75.2,78.9
STU-2024042,Sophia Haddad,Applied Mathematics,88.8,10.3,75.4,78.3,66.4,74.4
STU-2024043,Yusuf Johnson,Computer Science,97.5,12.3,70.9,45.8,54.8,72.3
STU-2024044,Priya Johnson,Information Systems,70.4,7.6,59.4,73.0,65.9,64.5
STU-2024045,Lena Weber,Information Systems,78.4,9.6,73.8,58.6,60.5,68.1
STU-2024046,Usman Martin,Applied Mathematics,91.0,17.0,87.2,73.7,71.5,85.8
STU-2024047,Lena Tanaka,Applied Mathematics,80.8,9.6,77.9,75.3,77.4,78.7
STU-2024048,Lucas Rahman,Computer Science,84.4,6.0,60.4,77.0,67.0,76.3
STU-2024049,Nora Malik,Information Systems,80.9,13.4,78.4,74.6,69.7,80.9
STU-2024050,Adam Nowak,Software Engineering,86.2,14.4,81.3,65.6,72.2,71.1
STU-2024051,Lucas Martin,Computer Science,84.0,7.2,63.4,67.7,66.6,68.0
STU-2024052,Sophia Kowalski,Data Science,91.2,19.6,77.9,86.5,70.1,91.1
STU-2024053,Lena Garcia,Applied Mathematics,94.6,10.7,68.4,57.4,48.4,70.4
STU-2024054,Liam Johnson,Software Engineering,75.2,8.9,75.0,63.5,74.7,68.3
STU-2024055,Leon Martin,Data Science,81.5,9.1,73.0,62.3,48.6,68.4
STU-2024056,Sophia Nowak,Data Science,95.9,16.1,89.0,54.7,63.5,83.2
STU-2024057,Ali Rossi,Applied Mathematics,66.4,9.0,71.3,67.3,46.6,71.4
STU-2024058,Zainab Martin,Data Science,60.2,2.8,79.4,68.1,84.7,63.6
STU-2024059,Felix Tanaka,Computer Science,89.3,14.7,88.5,66.9,67.2,77.4
STU-2024060,Yusuf Chen,Software Engineering,77.1,10.7,77.1,78.6,80.5,75.7
STU-2024061,Fatima Smith,Applied Mathematics,89.5,9.6,52.6,66.4,46.2,57.8
STU-2024062,Amira Tanaka,Computer Science,91.0,15.7,78.1,59.2,56.5,69.7
STU-2024063,Jonas Haddad,Data Science,63.0,4.8,68.1,65.9,67.2,48.3
STU-2024064,Emma Raza,Software Engineering,71.6,7.1,67.9,84.5,70.0,66.6
STU-2024065,Bilal Nowak,Computer Science,75.5,1.0,64.2,81.0,67.2,63.4
STU-2024066,Amira Fischer,Information Systems,69.8,6.7,89.0,70.3,72.2,69.0
STU-2024067,Felix Chen,Data Science,80.1,6.0,73.0,66.6,62.4,73.8
STU-2024068,Olivia Weber,Computer Science,89.5,11.7,66.1,64.0,53.3,67.0
STU-2024069,Adam Sharma,Data Science,82.9,12.0,86.6,80.0,68.8,84.2
STU-2024070,Maryam Weber,Applied Mathematics,74.6,6.8,62.6,58.2,51.8,58.5
STU-2024071,Leon Rossi,Applied Mathematics,63.4,2.5,47.5,48.7,52.8,50.0
STU-2024072,Maryam Becker,Software Engineering,86.6,9.6,65.4,44.5,55.8,62.8
STU-2024073,Lucas Johnson,Software Engineering,72.0,5.9,53.6,57.9,55.8,61.2
STU-2024074,Fatima Rahman,Applied Mathematics,85.6,13.5,80.9,77.5,78.7,81.7
STU-2024075,Ali Hoffmann,Computer Science,86.4,11.6,88.3,69.4,67.4,79.2
STU-2024076,Leon Rahman,Information Systems,75.8,11.2,81.7,64.6,76.4,76.3
STU-2024077,Usman Raza,Information Systems,78.7,15.1,69.7,71.7,62.3,71.3
STU-2024078,Chloe Tanaka,Information Systems,87.9,9.7,71.5,72.8,66.2,73.5
STU-2024079,Daniel Khan,Data Science,84.1,14.8,77.8,70.9,68.3,87.1
STU-2024080,Arjun Johnson,Information Systems,70.2,8.6,64.2,61.2,79.0,65.9
STU-2024081,Arjun Rahman,Information Systems,80.0,7.4,72.9,62.2,66.9,68.6
STU-2024082,Ines Sharma,Applied Mathematics,90.3,12.6,72.5,53.9,51.7,72.8
STU-2024083,Amira Rossi,Computer Science,74.9,14.7,62.4,61.9,64.1,73.6
STU-2024084,Aisha Johnson,Information Systems,69.9,8.3,71.8,71.6,62.4,65.6
STU-2024085,Adam Tanaka,Applied Mathematics,80.6,9.0,61.6,51.4,39.4,44.5
STU-2024086,Lena Patel,Data Science,88.6,7.3,77.3,77.3,79.8,78.4
STU-2024087,Aisha Martin,Information Systems,82.8,7.7,60.4,58.8,58.6,51.4
STU-2024088,Sara Rahman,Computer Science,93.2,14.7,84.2,71.5,56.3,83.6
STU-2024089,Sophia Müller,Information Systems,59.2,1.0,73.8,68.3,80.3,63.3
STU-2024090,Olivia Schmidt,Information Systems,64.9,6.4,75.3,76.4,75.4,73.1
STU-2024091,Lena Yilmaz,Computer Science,72.8,1.6,61.5,68.6,62.9,53.5
STU-2024092,Chloe Hoffmann,Computer Science,63.7,1.0,64.4,51.2,78.0,50.3
STU-2024093,Fatima Weber,Information Systems,79.9,7.1,67.2,52.3,65.2,64.0
STU-2024094,Sophia Weber,Data Science,86.9,19.0,65.4,64.9,64.0,75.6
STU-2024095,Ibrahim Raza,Software Engineering,81.4,3.7,55.2,40.1,57.5,50.5
STU-2024096,Omar Haddad,Computer Science,84.5,13.0,62.2,55.3,48.9,63.5
STU-2024097,Mei Müller,Applied Mathematics,95.4,13.4,68.9,52.4,48.9,79.2
STU-2024098,Noah Rossi,Software Engineering,97.5,15.3,70.7,76.3,47.8,77.0
STU-2024099,Daniel Hoffmann,Applied Mathematics,71.7,10.4,77.0,60.1,74.5,75.3
STU-2024100,Mia Khan,Computer Science,79.3,15.6,79.5,62.2,57.9,76.4
STU-2024101,Mia Silva,Data Science,88.7,9.6,76.4,56.1,60.6,75.0
STU-2024102,Sara Rossi,Information Systems,82.4,11.6,62.3,77.2,74.3,72.2
STU-2024103,Priya Tanaka,Information Systems,71.1,6.1,63.9,63.9,61.8,51.2
STU-2024104,Emma Smith,Information Systems,59.0,7.6,70.2,56.9,73.3,62.2
STU-2024105,Amira Brown,Applied Mathematics,75.5,3.9,48.6,57.6,43.1,52.5
STU-2024106,Ethan Schmidt,Applied Mathematics,84.7,8.2,68.9,78.3,50.8,61.1
STU-2024107,Emma Chen,Computer Science,99.2,9.6,75.0,56.0,58.1,68.4
STU-2024108,Ibrahim Wang,Data Science,98.9,17.7,71.0,69.5,40.1,69.0
STU-2024109,Sophia Raza,Applied Mathematics,68.7,8.9,74.7,81.7,76.7,79.5
STU-2024110,Maryam Johnson,Software Engineering,79.8,9.7,52.9,48.6,40.4,56.7
STU-2024111,Sara Rahman,Applied Mathematics,73.7,5.8,66.7,66.6,80.7,70.5
STU-2024112,Mateo Khan,Software Engineering,84.0,9.3,85.4,55.6,63.9,73.1
STU-2024113,Layla Fischer,Computer Science,74.9,8.3,62.7,65.7,63.1,63.3
STU-2024114,Usman Silva,Software Engineering,79.6,1.0,52.6,47.6,44.5,47.7
STU-2024115,Omar Smith,Applied Mathematics,100.0,11.5,66.1,63.6,66.8,67.4
STU-2024116,Lena Fischer,Information Systems,84.0,7.6,75.4,61.9,64.5,57.8
STU-2024117,Jonas Garcia,Computer Science,72.2,11.4,75.0,65.4,64.1,69.6
STU-2024118,Felix Schmidt,Data Science,78.6,12.8,65.8,62.4,73.2,72.7
STU-2024119,Fatima Rossi,Applied Mathematics,80.6,7.5,86.6,88.6,76.3,83.4
STU-2024120,Emma Patel,Applied Mathematics,88.1,15.1,63.5,56.9,64.5,77.9
STU-2024121,Bilal Nowak,Information Systems,88.0,8.8,68.9,63.7,60.1,73.9
STU-2024122,Kenji Malik,Computer Science,88.4,11.1,73.3,60.8,72.4,68.7
STU-2024123,Sophia Haddad,Information Systems,89.3,12.7,74.6,66.5,83.0,77.6
STU-2024124,Daniel Schmidt,Applied Mathematics,96.4,16.8,87.9,99.1,75.2,93.1
STU-2024125,Hira Chen,Information Systems,81.3,9.7,74.3,84.4,64.0,83.9
STU-2024126,Ines Smith,Software Engineering,59.5,3.4,72.0,69.7,61.3,65.4
STU-2024127,Ava Wang,Software Engineering,91.0,12.2,92.0,79.6,87.8,92.3
STU-2024128,Usman Müller,Data Science,76.0,3.6,63.6,50.6,54.7,52.9
STU-2024129,Hannah Schmidt,Data Science,83.2,15.5,71.8,63.7,58.1,67.7
STU-2024130,Hannah Martin,Information Systems,95.2,9.9,68.7,58.8,44.9,67.2
STU-2024131,Kenji Khan,Computer Science,91.3,7.6,65.3,62.8,66.5,62.3
STU-2024132,Arjun Müller,Computer Science,92.9,10.0,74.7,53.3,38.7,60.9
STU-2024133,Omar Patel,Data Science,99.1,20.4,78.1,77.4,81.9,89.7
STU-2024134,Daniel Haddad,Information Systems,100.0,18.5,88.0,59.6,85.2,96.2
STU-2024135,Zainab Malik,Information Systems,82.6,7.2,67.3,48.3,50.3,56.6
STU-2024136,Lena Rahman,Software Engineering,84.5,12.7,58.5,63.6,57.5,55.0
STU-2024137,Mia Wang,Software Engineering,84.0,18.6,93.6,64.0,64.8,84.2
STU-2024138,Priya Rahman,Computer Science,77.6,8.7,81.3,74.2,60.6,66.6
STU-2024139,Sara Sharma,Data Science,85.0,15.8,97.5,84.9,84.1,90.5
STU-2024140,Daniel Sharma,Computer Science,74.0,15.9,98.3,100.0,91.2,92.9
STU-2024141,Lena Rossi,Information Systems,84.2,14.5,76.0,70.5,58.4,72.1
STU-2024142,Ethan Yilmaz,Information Systems,74.9,7.2,57.7,65.8,66.9,66.0
STU-2024143,Hannah Iqbal,Data Science,80.1,3.0,47.2,44.9,41.6,39.0
STU-2024144,Nora Hussain,Data Science,70.8,3.3,72.5,57.6,71.3,59.5
STU-2024145,Jonas Wagner,Data Science,73.1,2.0,60.2,61.5,52.8,56.3
STU-2024146,Omar Malik,Applied Mathematics,79.8,9.5,60.5,57.1,58.6,59.3
STU-2024147,Jonas Becker,Software Engineering,79.9,4.8,70.0,56.6,65.4,55.1
STU-2024148,Sara Garcia,Information Systems,96.3,15.6,85.9,72.5,63.1,84.0
STU-2024149,Bilal Sharma,Software Engineering,84.4,18.7,91.1,78.5,82.0,94.4
STU-2024150,Fatima Haddad,Information Systems,73.4,8.4,73.1,74.1,65.3,67.8
STU-2024151,Chloe Hoffmann,Software Engineering,80.3,15.0,70.7,61.5,60.4,61.8
STU-2024152,Liam Raza,Data Science,71.2,6.7,55.1,51.5,41.3,53.5
STU-2024153,Liam Wang,Applied Mathematics,82.8,4.3,50.3,44.4,29.1,37.0
STU-2024154,Hira Rahman,Information Systems,85.8,9.7,58.7,59.1,57.1,64.2
STU-2024155,Maryam Ahmed,Information Systems,76.2,12.7,76.0,76.3,64.8,69.2
STU-2024156,Hira Chen,Applied Mathematics,78.5,10.6,85.7,91.2,75.9,75.1
STU-2024157,Nora Smith,Data Science,96.5,17.2,75.9,83.5,66.3,80.8
STU-2024158,Amira Yilmaz,Computer Science,79.2,5.5,57.4,92.4,77.2,68.9
STU-2024159,Lena Rossi,Software Engineering,88.2,10.4,60.1,55.3,41.8,56.1
STU-2024160,Zainab Weber,Data Science,100.0,16.7,81.0,60.7,43.5,76.1
STU-2024161,Daniel Raza,Software Engineering,78.7,11.1,60.4,49.6,56.7,59.2
STU-2024162,Leon Hussain,Data Science,87.0,15.0,74.8,57.4,59.4,76.4
STU-2024163,Felix Hussain,Data Science,84.8,10.6,83.3,87.2,81.3,83.2
STU-2024164,Bilal Yilmaz,Data Science,88.9,10.9,76.1,52.7,56.4,64.4
STU-2024165,Hira Smith,Data Science,89.3,10.2,78.4,69.7,83.2,74.7
STU-2024166,Sophia Müller,Information Systems,87.2,7.7,64.8,56.7,60.4,56.1
STU-2024167,Hannah Sharma,Software Engineering,75.0,12.2,90.4,68.2,75.4,79.2
STU-2024168,Ali Sharma,Software Engineering,78.0,11.9,86.7,79.0,65.9,74.7
STU-2024169,Layla Silva,Computer Science,73.3,5.8,64.5,58.1,58.1,47.9
STU-2024170,Jonas Becker,Software Engineering,88.6,7.4,71.4,88.5,68.3,70.9
STU-2024171,Ava Johnson,Computer Science,89.5,11.5,69.6,59.8,58.7,64.3
STU-2024172,Daniel Haddad,Data Science,81.5,11.3,80.9,74.1,75.4,84.1
STU-2024173,Layla Malik,Software Engineering,81.2,6.7,65.8,53.4,60.6,53.5
STU-2024174,Ava Chen,Computer Science,82.6,14.0,60.9,67.4,56.8,61.4
STU-2024175,Hira Hoffmann,Data Science,75.8,7.1,67.8,61.2,50.4,64.2
STU-2024176,Chloe Haddad,Data Science,91.4,17.1,77.5,73.8,73.3,88.6
STU-2024177,Bilal Nowak,Applied Mathematics,64.9,4.4,90.9,72.3,90.9,71.4
STU-2024178,Daniel Kowalski,Applied Mathematics,80.8,8.9,72.3,70.6,60.5,64.8
STU-2024179,Ines Smith,Computer Science,67.7,1.7,71.7,54.9,49.1,55.3
STU-2024180,Daniel Sharma,Information Systems,63.2,4.3,69.2,78.4,80.8,56.5
STU-2024181,Hannah Wang,Information Systems,90.0,21.1,96.4,90.8,82.7,87.8
STU-2024182,Noah Hoffmann,Data Science,97.8,8.0,74.1,72.9,53.9,67.9
STU-2024183,Aisha Martin,Software Engineering,69.3,1.7,59.6,45.0,54.4,56.6
STU-2024184,Nora Ahmed,Information Systems,57.3,3.7,77.2,70.3,84.5,65.0
STU-2024185,Ava Nowak,Data Science,47.1,1.0,67.0,71.6,67.9,55.7
STU-2024186,Nora Hussain,Computer Science,77.8,11.1,83.3,92.3,79.3,86.3
STU-2024187,Liam Weber,Data Science,100.0,21.0,78.0,82.6,78.4,100.0
STU-2024188,Elias Wagner,Data Science,84.8,9.6,55.0,44.3,41.9,51.8
STU-2024189,Lena Patel,Data Science,84.8,8.9,48.3,53.9,42.2,53.9
STU-2024190,Felix Schmidt,Data Science,69.7,16.1,78.6,94.2,86.5,93.4
STU-2024191,Priya Raza,Computer Science,71.9,5.9,80.4,72.2,88.8,67.3
STU-2024192,Aisha Ahmed,Applied Mathematics,89.0,11.0,75.6,65.4,66.8,77.5
STU-2024193,Hira Rahman,Computer Science,76.0,10.7,69.0,65.9,67.7,64.1
STU-2024194,Hira Sharma,Information Systems,79.0,9.7,71.2,81.8,84.1,77.3
STU-2024195,Mia Ahmed,Information Systems,83.8,13.8,64.8,44.4,55.6,63.3
STU-2024196,Ethan Khan,Information Systems,79.4,10.8,64.7,56.6,52.2,57.7
STU-2024197,Leon Silva,Applied Mathematics,85.4,13.3,93.7,74.1,73.2,77.7
STU-2024198,Sara Fischer,Computer Science,85.1,10.5,56.3,61.2,61.1,65.6
STU-2024199,Hannah Nowak,Data Science,100.0,7.5,74.1,65.8,66.7,76.2
STU-2024200,Emma Garcia,Computer Science,93.0,12.8,88.9,66.4,69.2,78.8
STU-2024201,Zainab Iqbal,Software Engineering,85.7,3.5,72.9,69.5,73.5,68.2
STU-2024202,Hannah Fischer,Information Systems,75.1,6.9,83.6,84.8,82.2,79.3
STU-2024203,Amira Sharma,Applied Mathematics,100.0,14.8,80.2,69.5,59.6,73.7
STU-2024204,Nora Ahmed,Data Science,79.9,6.1,78.8,71.8,73.3,74.1
STU-2024205,Mateo Becker,Data Science,94.0,11.1,65.2,48.9,40.2,64.1
STU-2024206,Mei Hoffmann,Applied Mathematics,80.7,6.0,64.5,53.1,66.0,73.4
STU-2024207,Arjun Chen,Information Systems,100.0,21.1,77.0,65.0,72.5,84.0
STU-2024208,Fatima Garcia,Information Systems,88.2,13.8,53.5,54.9,46.2,59.4
STU-2024209,Ali Müller,Software Engineering,79.8,9.1,67.4,59.1,57.8,67.0
STU-2024210,Ibrahim Tanaka,Software Engineering,100.0,15.0,77.9,74.2,69.5,85.1
STU-2024211,Sara Chen,Data Science,76.9,6.6,74.7,63.7,76.8,66.8
STU-2024212,Hamza Müller,Information Systems,71.5,1.0,55.2,37.7,67.8,49.3
STU-2024213,Ines Garcia,Data Science,83.9,7.9,66.3,69.4,62.3,68.7
STU-2024214,Daniel Garcia,Applied Mathematics,85.8,8.8,63.5,63.5,61.8,61.8
STU-2024215,Hira Tanaka,Computer Science,71.1,3.2,59.1,62.5,54.7,52.5
STU-2024216,Hannah Sharma,Software Engineering,87.2,9.6,77.6,77.1,74.2,76.5
STU-2024217,Olivia Yilmaz,Data Science,79.7,6.5,76.1,77.5,73.4,75.9
STU-2024218,Mei Yilmaz,Information Systems,93.7,16.3,82.9,91.5,87.8,88.4
STU-2024219,Leon Fischer,Information Systems,51.2,1.2,62.9,64.9,65.7,45.1
STU-2024220,Sara Johnson,Applied Mathematics,79.7,7.2,54.7,56.9,66.7,52.4
STU-2024221,Nora Ahmed,Information Systems,62.6,1.0,58.2,47.4,61.6,44.2
STU-2024222,Usman Wang,Data Science,66.7,9.1,66.3,74.4,65.3,59.7
STU-2024223,Lucas Brown,Data Science,83.6,9.2,82.8,79.0,88.8,80.4
STU-2024224,Daniel Garcia,Applied Mathematics,81.1,9.8,63.3,60.2,55.1,57.4
STU-2024225,Hannah Weber,Software Engineering,75.8,9.1,70.3,62.3,60.3,61.6
STU-2024226,Hannah Müller,Computer Science,85.7,6.2,76.3,74.9,62.2,65.1
STU-2024227,Olivia Nowak,Applied Mathematics,75.6,12.5,83.0,100.0,87.7,83.9
STU-2024228,Mateo Müller,Information Systems,71.5,8.8,83.6,97.5,95.0,89.7
STU-2024229,Jonas Ahmed,Computer Science,84.1,13.5,79.8,53.9,51.8,71.5
STU-2024230,Bilal Wang,Information Systems,87.0,12.0,73.5,64.6,62.6,71.5
STU-2024231,Layla Johnson,Information Systems,86.8,13.9,61.2,57.9,46.9,61.9
STU-2024232,Nora Johnson,Information Systems,80.4,14.2,72.8,63.0,63.8,69.8
STU-2024233,Liam Brown,Applied Mathematics,88.7,10.9,81.7,64.2,62.0,74.0
STU-2024234,Sophia Tanaka,Software Engineering,98.7,21.2,81.0,88.2,70.9,92.8
STU-2024235,Mia Wagner,Software Engineering,70.0,13.8,54.9,63.9,58.0,59.2
STU-2024236,Daniel Chen,Information Systems,67.8,13.0,65.8,60.8,62.0,65.8
STU-2024237,Emma Becker,Computer Science,75.9,1.8,44.6,44.4,41.9,34.3
STU-2024238,Ava Yilmaz,Computer Science,72.4,3.4,73.2,62.3,56.6,59.8
STU-2024239,Mei Brown,Applied Mathematics,71.4,7.7,54.3,64.2,57.7,61.7
STU-2024240,Usman Chen,Data Science,74.7,3.3,51.2,54.1,52.7,49.8
STU-2024241,Aisha Garcia,Software Engineering,82.8,5.5,56.1,54.1,50.3,63.3
STU-2024242,Kenji Brown,Data Science,90.4,10.0,56.3,67.7,56.3,60.8
STU-2024243,Yusuf Rossi,Data Science,75.7,9.5,55.0,54.9,54.3,59.1
STU-2024244,Hira Wagner,Software Engineering,68.8,5.2,53.8,39.8,52.5,49.4
STU-2024245,Sara Hussain,Applied Mathematics,82.6,14.1,93.1,84.1,95.4,90.1
STU-2024246,Mia Brown,Software Engineering,89.6,10.0,70.6,41.1,59.5,63.8
STU-2024247,Ibrahim Hussain,Computer Science,88.2,6.5,68.5,55.8,74.3,68.1
STU-2024248,Ibrahim Brown,Data Science,74.2,7.0,84.2,79.1,73.4,76.9
STU-2024249,Amira Silva,Computer Science,71.4,20.8,88.1,98.4,94.0,100.0
STU-2024250,Liam Iqbal,Applied Mathematics,73.3,10.3,66.1,60.1,46.0,59.6
STU-2024251,Hira Ahmed,Data Science,65.4,6.1,64.8,56.6,53.8,59.4
STU-2024252,Hannah Kowalski,Data Science,78.1,8.8,76.6,73.2,60.5,65.5
STU-2024253,Mateo Garcia,Computer Science,81.6,12.3,94.8,85.4,83.3,89.3
STU-2024254,Aisha Khan,Software Engineering,75.0,3.6,51.6,60.0,43.4,46.4
STU-2024255,Ethan Weber,Applied Mathematics,81.6,3.9,82.8,69.0,64.7,72.1
STU-2024256,Priya Hussain,Software Engineering,76.7,1.5,66.0,68.8,74.7,72.9
STU-2024257,Mateo Müller,Information Systems,88.6,11.3,87.1,74.3,74.1,79.1
STU-2024258,Zainab Fischer,Computer Science,86.8,9.0,64.7,73.7,64.5,58.9
STU-2024259,Hamza Brown,Computer Science,82.9,5.9,64.0,68.8,68.2,62.9
STU-2024260,Noah Rossi,Information Systems,75.7,13.4,70.5,43.8,45.5,66.2
STU-2024261,Daniel Khan,Computer Science,65.1,1.0,56.2,65.1,79.1,60.9
STU-2024262,Zainab Raza,Software Engineering,73.4,8.3,68.9,55.2,63.7,64.1
STU-2024263,Usman Malik,Data Science,78.8,10.1,74.0,79.9,52.9,72.6
STU-2024264,Sophia Silva,Computer Science,83.0,7.1,61.0,66.9,50.3,62.2
STU-2024265,Sophia Wagner,Software Engineering,84.0,11.1,88.0,76.6,56.7,79.5
STU-2024266,Ava Silva,Applied Mathematics,100.0,20.3,89.7,84.2,77.3,97.2
STU-2024267,Noah Müller,Computer Science,71.2,7.3,56.8,65.9,65.9,68.1
STU-2024268,Mia Khan,Applied Mathematics,67.6,5.6,66.2,74.9,65.5,64.5
STU-2024269,Leon Becker,Software Engineering,84.3,12.4,77.0,66.5,81.7,82.2
STU-2024270,Lucas Hussain,Information Systems,88.4,17.9,82.4,72.9,69.4,81.0
STU-2024271,Layla Hussain,Computer Science,67.7,3.0,50.0,63.7,62.2,51.0
STU-2024272,Usman Raza,Applied Mathematics,86.4,8.5,71.7,68.0,61.3,75.8
STU-2024273,Mateo Hoffmann,Computer Science,99.9,14.2,76.7,66.3,55.8,75.9
STU-2024274,Lena Kowalski,Applied Mathematics,65.1,5.7,80.4,79.4,90.4,78.0
STU-2024275,Elias Kowalski,Information Systems,77.7,7.3,71.5,75.3,85.3,74.3
STU-2024276,Daniel Hoffmann,Data Science,85.6,6.7,69.6,58.6,54.8,59.6
STU-2024277,Adam Malik,Computer Science,86.5,7.2,58.2,63.7,54.4,60.8
STU-2024278,Lucas Hoffmann,Information Systems,91.7,13.6,70.7,70.1,51.8,77.1
STU-2024279,Mia Müller,Computer Science,92.1,13.7,88.8,91.6,77.6,89.5
STU-2024280,Ines Kowalski,Information Systems,56.5,7.0,64.6,56.0,61.6,49.3
STU-2024281,Lena Brown,Information Systems,84.2,15.7,76.5,79.4,66.4,77.6
STU-2024282,Zainab Johnson,Data Science,72.2,3.4,54.3,57.6,42.7,57.1
STU-2024283,Ethan Iqbal,Data Science,92.9,20.2,81.8,77.6,76.9,87.3
STU-2024284,Sophia Raza,Data Science,73.6,6.6,66.1,72.5,75.3,59.4
STU-2024285,Ethan Hoffmann,Data Science,75.9,9.0,53.2,40.5,60.3,65.0
STU-2024286,Leon Johnson,Computer Science,97.6,11.9,66.7,65.8,57.0,73.3
STU-2024287,Amira Yilmaz,Data Science,87.1,12.3,71.2,65.0,64.5,71.4
STU-2024288,Liam Hoffmann,Information Systems,88.1,7.3,75.7,70.9,69.1,69.6
STU-2024289,Jonas Ahmed,Data Science,67.1,2.5,65.3,50.5,66.4,60.8
STU-2024290,Mia Iqbal,Information Systems,86.8,8.2,64.2,71.7,60.3,63.9
STU-2024291,Lucas Nowak,Applied Mathematics,73.8,8.0,64.7,70.3,68.3,71.1
STU-2024292,Nora Patel,Information Systems,86.6,14.9,73.2,64.7,74.7,79.8
STU-2024293,Ines Raza,Software Engineering,77.6,3.8,80.2,73.4,93.0,76.0
STU-2024294,Sara Silva,Data Science,95.5,10.0,51.1,25.6,48.4,55.1
STU-2024295,Maryam Sharma,Applied Mathematics,77.4,4.7,57.1,61.9,55.2,55.7
STU-2024296,Zainab Garcia,Data Science,75.3,3.5,59.6,63.3,67.2,64.2
STU-2024297,Noah Raza,Software Engineering,80.8,15.1,78.4,61.8,68.6,71.4
STU-2024298,Chloe Weber,Software Engineering,83.4,10.5,76.0,67.6,59.8,62.4
STU-2024299,Emma Haddad,Information Systems,82.7,10.1,39.8,44.3,38.7,52.5
STU-2024300,Mateo Ahmed,Software Engineering,98.8,14.9,84.3,67.0,57.1,80.5
STU-2024301,Liam Patel,Information Systems,79.7,12.5,92.5,82.2,86.5,87.6
STU-2024302,Felix Hoffmann,Applied Mathematics,87.6,8.8,57.4,58.7,40.4,58.9
STU-2024303,Lena Khan,Data Science,87.1,13.9,84.4,82.3,76.1,81.5
STU-2024304,Ines Raza,Applied Mathematics,84.2,6.1,61.7,62.2,54.7,63.6
STU-2024305,Zainab Sharma,Computer Science,87.5,11.7,73.1,72.6,55.5,70.2
STU-2024306,Nora Ahmed,Applied Mathematics,75.6,6.5,50.1,47.2,54.2,50.8
STU-2024307,Maryam Nowak,Computer Science,80.7,5.9,52.9,63.7,62.2,58.1
STU-2024308,Emma Sharma,Applied Mathematics,75.3,18.4,96.2,86.1,85.2,99.9
STU-2024309,Mia Nowak,Data Science,76.0,8.0,66.1,69.0,89.5,65.0
STU-2024310,Ava Smith,Applied Mathematics,40.8,3.6,72.8,85.3,88.0,68.4
STU-2024311,Noah Sharma,Computer Science,84.5,21.5,82.3,78.7,83.0,82.3
STU-2024312,Sara Nowak,Software Engineering,100.0,24.3,80.2,81.5,61.6,88.4
STU-2024313,Jonas Müller,Applied Mathematics,81.6,9.2,84.6,90.2,75.6,77.3
STU-2024314,Priya Silva,Computer Science,59.5,3.6,61.9,48.5,82.9,49.7
STU-2024315,Layla Rahman,Data Science,75.2,8.0,80.2,84.8,67.5,74.2
STU-2024316,Priya Sharma,Computer Science,87.9,8.6,70.6,42.8,53.1,59.5
STU-2024317,Felix Martin,Data Science,77.6,7.8,73.6,64.0,65.5,57.3
STU-2024318,Adam Wagner,Data Science,86.6,8.9,61.6,65.3,55.9,67.6
STU-2024319,Layla Malik,Information Systems,86.6,14.2,93.3,77.8,69.7,89.1
STU-2024320,Priya Weber,Data Science,88.6,10.4,57.6,45.8,48.4,65.4
