model,vector,epsilon,relative_error,max_abs_error,adjoint_norm,fd_norm
"Full-order FVM",0,1E-001,1.358794E-002,5.555556E-004,1.719254E-001,1.734644E-001
"Full-order FVM",0,1E-002,1.370834E-004,5.555556E-006,1.719254E-001,1.719407E-001
"Full-order FVM",0,1E-003,1.370955E-006,5.555557E-008,1.719254E-001,1.719256E-001
"Full-order FVM",0,1E-004,1.371067E-008,5.560973E-010,1.719254E-001,1.719254E-001
"Full-order FVM",0,1E-005,1.310122E-010,6.075975E-012,1.719254E-001,1.719254E-001
"Full-order FVM",0,1E-006,3.267236E-010,3.174686E-011,1.719254E-001,1.719254E-001
"Full-order FVM",0,1E-007,3.920772E-009,3.895639E-010,1.719254E-001,1.719254E-001
"Full-order FVM",0,1E-008,2.965343E-008,2.385994E-009,1.719254E-001,1.719254E-001
"Full-order FVM",1,1E-001,2.392690E-001,2.071164E+002,1.237444E+003,1.201284E+003
"Full-order FVM",1,1E-002,2.070795E-003,1.776187E+000,1.237444E+003,1.239821E+003
"Full-order FVM",1,1E-003,2.326121E-005,2.052357E-002,1.237444E+003,1.237470E+003
"Full-order FVM",1,1E-004,4.388412E-007,3.149484E-004,1.237444E+003,1.237444E+003
"Full-order FVM",1,1E-005,1.169487E-008,1.234890E-005,1.237444E+003,1.237444E+003
"Full-order FVM",1,1E-006,1.593357E-008,1.602062E-005,1.237444E+003,1.237444E+003
"Full-order FVM",1,1E-007,1.191569E-007,8.628147E-005,1.237444E+003,1.237444E+003
"Full-order FVM",1,1E-008,6.724017E-007,4.869572E-004,1.237444E+003,1.237444E+003
"Full-order FVM",2,1E-001,2.116194E-002,1.111111E-003,1.240526E-001,1.259421E-001
"Full-order FVM",2,1E-002,1.899808E-004,5.555556E-006,1.240526E-001,1.240664E-001
"Full-order FVM",2,1E-003,1.900016E-006,5.555556E-008,1.240526E-001,1.240528E-001
"Full-order FVM",2,1E-004,1.899912E-008,5.555878E-010,1.240526E-001,1.240526E-001
"Full-order FVM",2,1E-005,1.816291E-010,7.253198E-012,1.240526E-001,1.240526E-001
"Full-order FVM",2,1E-006,2.666036E-010,1.805016E-011,1.240526E-001,1.240526E-001
"Full-order FVM",2,1E-007,2.542299E-009,1.873111E-010,1.240526E-001,1.240526E-001
"Full-order FVM",2,1E-008,2.465999E-008,2.466074E-009,1.240526E-001,1.240526E-001
"Full-order FVM",3,1E-001,3.752181E-001,4.088634E+001,1.064289E+002,1.599929E+002
"Full-order FVM",3,1E-002,5.065741E-003,3.988011E-001,1.064289E+002,1.069240E+002
"Full-order FVM",3,1E-003,1.121750E-005,1.009591E-003,1.064289E+002,1.064299E+002
"Full-order FVM",3,1E-004,4.126067E-008,2.840056E-006,1.064289E+002,1.064289E+002
"Full-order FVM",3,1E-005,1.327271E-009,9.090107E-008,1.064289E+002,1.064289E+002
"Full-order FVM",3,1E-006,9.516678E-009,8.169916E-007,1.064289E+002,1.064289E+002
"Full-order FVM",3,1E-007,1.726503E-007,1.451841E-005,1.064289E+002,1.064289E+002
"Full-order FVM",3,1E-008,6.381736E-007,4.230031E-005,1.064289E+002,1.064289E+002
"POD ROM (r = 40)",0,1E-001,1.358794E-002,5.555556E-004,1.719254E-001,1.734644E-001
"POD ROM (r = 40)",0,1E-002,1.370834E-004,5.555556E-006,1.719254E-001,1.719407E-001
"POD ROM (r = 40)",0,1E-003,1.370955E-006,5.555557E-008,1.719254E-001,1.719256E-001
"POD ROM (r = 40)",0,1E-004,1.371067E-008,5.560973E-010,1.719254E-001,1.719254E-001
"POD ROM (r = 40)",0,1E-005,1.310122E-010,6.075975E-012,1.719254E-001,1.719254E-001
"POD ROM (r = 40)",0,1E-006,3.267236E-010,3.174686E-011,1.719254E-001,1.719254E-001
"POD ROM (r = 40)",0,1E-007,3.920772E-009,3.895639E-010,1.719254E-001,1.719254E-001
"POD ROM (r = 40)",0,1E-008,2.965343E-008,2.385994E-009,1.719254E-001,1.719254E-001
