study,scheme,nx,ny,dx_m,dt_s,steps,rmse_K,max_error_K,order_rmse,order_max,runtime_ms
spatial,ExplicitEuler,20,10,0.01,2.5,40,1.980756E-002,3.900678E-002,,,3.64
spatial,ExplicitEuler,40,20,0.005,0.625,160,4.925151E-003,9.812365E-003,2.0078,1.9911,6.63
spatial,ExplicitEuler,80,40,0.0025,0.15625,640,1.229631E-003,2.456892E-003,2.0019,1.9978,47.99
spatial,ExplicitEuler,160,80,0.00125,0.0390625,2560,3.073044E-004,6.144607E-004,2.0005,1.9994,406.96
spatial,ImplicitEuler,20,10,0.01,2.5,40,7.032389E-002,1.384879E-001,,,8.86
spatial,ImplicitEuler,40,20,0.005,0.625,160,1.772556E-002,3.531459E-002,1.9882,1.9714,8.50
spatial,ImplicitEuler,80,40,0.0025,0.15625,640,4.440538E-003,8.872518E-003,1.9970,1.9928,210.69
spatial,ImplicitEuler,160,80,0.00125,0.0390625,2560,1.110708E-003,2.220881E-003,1.9993,1.9982,13720.46
spatial,CrankNicolson,20,10,0.01,2.5,40,2.553975E-002,5.029510E-002,,,1.22
spatial,CrankNicolson,40,20,0.005,0.625,160,6.417898E-003,1.278636E-002,1.9926,1.9758,20.08
spatial,CrankNicolson,80,40,0.0025,0.15625,640,1.606561E-003,3.210025E-003,1.9981,1.9939,561.78
spatial,CrankNicolson,160,80,0.00125,0.0390625,2560,4.017710E-004,8.033484E-004,1.9995,1.9985,15309.95
temporal,ExplicitEuler,40,20,0.005,0.6410256410256411,312,8.682965E-003,1.729905E-002,,,7.23
temporal,ExplicitEuler,40,20,0.005,0.32,625,4.332152E-003,8.630936E-003,1.0008,1.0008,14.30
temporal,ExplicitEuler,40,20,0.005,0.16,1250,2.165482E-003,4.314284E-003,1.0004,1.0004,28.65
temporal,ExplicitEuler,40,20,0.005,0.08,2500,1.082592E-003,2.156846E-003,1.0002,1.0002,61.58
temporal,ExplicitEuler,40,20,0.005,0.04,5000,5.412591E-004,1.078349E-003,1.0001,1.0001,115.31
temporal,ImplicitEuler,40,20,0.005,20,10,2.614297E-001,5.208457E-001,,,2.14
temporal,ImplicitEuler,40,20,0.005,10,20,1.329951E-001,2.649657E-001,0.9751,0.9751,5.17
temporal,ImplicitEuler,40,20,0.005,5,40,6.707373E-002,1.336308E-001,0.9876,0.9876,7.00
temporal,ImplicitEuler,40,20,0.005,2.5,80,3.368148E-002,6.710352E-002,0.9938,0.9938,10.22
temporal,ImplicitEuler,40,20,0.005,1.25,160,1.687695E-002,3.362390E-002,0.9969,0.9969,19.09
temporal,CrankNicolson,40,20,0.005,20,10,8.910716E-003,1.775280E-002,,,1.96
temporal,CrankNicolson,40,20,0.005,10,20,2.223265E-003,4.429405E-003,2.0029,2.0029,3.27
temporal,CrankNicolson,40,20,0.005,5,40,5.555414E-004,1.106804E-003,2.0007,2.0007,5.51
temporal,CrankNicolson,40,20,0.005,2.5,80,1.388682E-004,2.766667E-004,2.0002,2.0002,9.92
temporal,CrankNicolson,40,20,0.005,1.25,160,3.471597E-005,6.916454E-005,2.0000,2.0000,19.10
