problem,method,nx,ny,h_m,dofs,nonzeros,half_bandwidth,dt_s,steps,rmse_K,max_error_K,l2_error_K,h1_error_K_per_m,order_rmse,order_max,order_l2,order_h1,runtime_ms
"Dirichlet eigenmode",FVM,10,5,0.02,50,220,5,4,25,1.025250E-001,2.025256E-001,,,—,—,—,—,1.0
"Dirichlet eigenmode",FVM,20,10,0.01,200,940,10,2,50,2.560600E-002,5.042557E-002,,,2.001,2.006,—,—,2.6
"Dirichlet eigenmode",FVM,40,20,0.005,800,3880,20,1,100,6.399766E-003,1.275024E-002,,,2.000,1.984,—,—,21.7
"Dirichlet eigenmode",FVM,80,40,0.0025,3200,15760,40,0.5,200,1.599831E-003,3.196578E-003,,,2.000,1.996,—,—,216.9
"Dirichlet eigenmode",FVM,160,80,0.00125,12800,63520,80,0.25,400,3.999507E-004,7.997086E-004,,,2.000,1.999,—,—,2708.5
"Dirichlet eigenmode",FEM,10,5,0.02,66,396,7,4,25,1.737505E-001,3.764084E-001,3.550625E-001,3.056057E+001,—,—,—,—,30.2
"Dirichlet eigenmode",FEM,20,10,0.01,231,1491,12,2,50,4.690947E-002,9.983168E-002,9.179793E-002,1.526006E+001,1.889,1.915,1.952,1.002,12.0
"Dirichlet eigenmode",FEM,40,20,0.005,861,5781,22,1,100,1.217566E-002,2.500484E-002,2.314428E-002,7.626395E+000,1.946,1.997,1.988,1.001,101.1
"Dirichlet eigenmode",FEM,80,40,0.0025,3321,22761,42,0.5,200,3.101409E-003,6.253970E-003,5.798340E-003,3.812708E+000,1.973,1.999,1.997,1.000,464.4
"Dirichlet eigenmode",FEM,160,80,0.00125,13041,90321,82,0.25,400,7.826449E-004,1.563662E-003,1.450353E-003,1.906292E+000,1.986,2.000,1.999,1.000,3868.1
"Manufactured (sink + source, insulated)",FVM,10,5,0.02,50,220,5,4,30,6.863097E-001,1.355720E+000,,,—,—,—,—,1.7
"Manufactured (sink + source, insulated)",FVM,20,10,0.01,200,940,10,2,60,1.665900E-001,3.158962E-001,,,2.043,2.102,—,—,6.6
"Manufactured (sink + source, insulated)",FVM,40,20,0.005,800,3880,20,1,120,4.133128E-002,8.158191E-002,,,2.011,1.953,—,—,57.4
"Manufactured (sink + source, insulated)",FVM,80,40,0.0025,3200,15760,40,0.5,240,1.031300E-002,2.055846E-002,,,2.003,1.989,—,—,388.9
"Manufactured (sink + source, insulated)",FVM,160,80,0.00125,12800,63520,80,0.25,480,2.577011E-003,5.149800E-003,,,2.001,1.997,—,—,4139.2
"Manufactured (sink + source, insulated)",FEM,10,5,0.02,66,396,7,4,30,9.919480E-001,2.542443E+000,1.628341E+000,1.627284E+002,—,—,—,—,1.3
"Manufactured (sink + source, insulated)",FEM,20,10,0.01,231,1491,12,2,60,2.502495E-001,8.828003E-001,4.537527E-001,8.236026E+001,1.987,1.526,1.843,0.982,14.2
"Manufactured (sink + source, insulated)",FEM,40,20,0.005,861,5781,22,1,120,6.098045E-002,2.766664E-001,1.167089E-001,4.131564E+001,2.037,1.674,1.959,0.995,50.0
"Manufactured (sink + source, insulated)",FEM,80,40,0.0025,3321,22761,42,0.5,240,1.492971E-002,8.223758E-002,2.939407E-002,2.067984E+001,2.030,1.750,1.989,0.998,496.2
"Manufactured (sink + source, insulated)",FEM,160,80,0.00125,13041,90321,82,0.25,480,3.687113E-003,2.373194E-002,7.362637E-003,1.034334E+001,2.018,1.793,1.997,1.000,5186.3
