case,parameter,truth,initial,estimate,standard_error,relative_error,at_bound,iterations,model_evaluations,initial_residual_K,final_residual_K,noise_estimate_K
joint,k,20,16,20.122791,1.0491E-001,6.1396E-003,False,5,56,59.9373,2.5904,0.09687
joint,h_e,10,15,9.9061262,1.2177E-001,-9.3874E-003,False,5,56,59.9373,2.5904,0.09687
joint,Q,450000,300000,448712.25,1.0952E+003,-2.8617E-003,False,5,56,59.9373,2.5904,0.09687
joint,x₀,0.138,0.12000000000000001,0.13801556,8.4282E-005,1.1272E-004,False,5,56,59.9373,2.5904,0.09687
joint,y₀,0.064,0.05,0.064198394,9.7125E-005,3.0999E-003,False,5,56,59.9373,2.5904,0.09687
defect-known,Q,450000,300000,449404.96,3.6311E+002,-1.3223E-003,False,5,36,52.3787,2.5974,0.09700
defect-known,x₀,0.138,0.12000000000000001,0.13794706,7.5336E-005,-3.8364E-004,False,5,36,52.3787,2.5974,0.09700
defect-known,y₀,0.064,0.05,0.064083697,7.5029E-005,1.3078E-003,False,5,36,52.3787,2.5974,0.09700
defect-misspecified,Q,450000,300000,485371.92,1.2885E+003,7.8604E-002,False,6,43,59.9373,9.1009,0.33988
defect-misspecified,x₀,0.138,0.12000000000000001,0.13553503,2.2190E-004,-1.7862E-002,False,6,43,59.9373,9.1009,0.33988
defect-misspecified,y₀,0.064,0.05,0.060299125,1.9897E-004,-5.7826E-002,False,6,43,59.9373,9.1009,0.33988
