family,index,eigenvalue_K2,cumulative_energy
"Source-basis family",1,8.508273E+003,0.985228124837
"Source-basis family",2,6.550154E+001,0.992812973232
"Source-basis family",3,1.526547E+001,0.994580661084
"Source-basis family",4,1.443628E+001,0.996252331889
"Source-basis family",5,1.001071E+001,0.997411537209
"Source-basis family",6,4.795732E+000,0.997966866200
"Source-basis family",7,4.366715E+000,0.998472516467
"Source-basis family",8,2.069691E+000,0.998712179366
"Source-basis family",9,1.559968E+000,0.998892818144
"Source-basis family",10,1.486798E+000,0.999064984125
"Source-basis family",11,1.250792E+000,0.999209821423
"Source-basis family",12,9.077878E-001,0.999314940065
"Source-basis family",13,8.960651E-001,0.999418701262
"Source-basis family",14,6.401479E-001,0.999492828140
"Source-basis family",15,5.634588E-001,0.999558074697
"Source-basis family",16,4.221860E-001,0.999606962349
"Source-basis family",17,3.279990E-001,0.999644943478
"Source-basis family",18,2.903277E-001,0.999678562409
"Source-basis family",19,2.713411E-001,0.999709982756
"Source-basis family",20,2.442020E-001,0.999738260494
"Source-basis family",21,2.056368E-001,0.999762072511
"Source-basis family",22,1.995610E-001,0.999785180977
"Source-basis family",23,1.861797E-001,0.999806739928
"Source-basis family",24,1.492455E-001,0.999824022032
"Source-basis family",25,1.396924E-001,0.999840197918
"Source-basis family",26,1.043215E-001,0.999852277979
"Source-basis family",27,1.041191E-001,0.999864334610
"Source-basis family",28,1.030855E-001,0.999876271552
"Source-basis family",29,7.020002E-002,0.999884400468
"Source-basis family",30,6.813730E-002,0.999892290528
"Source-basis family",31,6.538926E-002,0.999899862375
"Source-basis family",32,5.944687E-002,0.999906746114
"Source-basis family",33,5.843196E-002,0.999913512330
"Source-basis family",34,5.372977E-002,0.999919734049
"Source-basis family",35,5.134057E-002,0.999925679107
"Source-basis family",36,4.335795E-002,0.999930699805
"Source-basis family",37,4.157718E-002,0.999935514297
"Source-basis family",38,3.696382E-002,0.999939794578
"Source-basis family",39,3.252830E-002,0.999943561241
"Source-basis family",40,3.155164E-002,0.999947214810
"Source-basis family",41,2.925600E-002,0.999950602552
"Source-basis family",42,2.697247E-002,0.999953725870
"Source-basis family",43,2.297725E-002,0.999956386555
"Source-basis family",44,2.067181E-002,0.999958780277
"Source-basis family",45,1.870568E-002,0.999960946329
"Source-basis family",46,1.833084E-002,0.999963068976
"Source-basis family",47,1.713976E-002,0.999965053700
"Source-basis family",48,1.662983E-002,0.999966979376
"Source-basis family",49,1.626837E-002,0.999968863196
"Source-basis family",50,1.601859E-002,0.999970718093
"Source-basis family",51,1.525409E-002,0.999972484464
"Source-basis family",52,1.294340E-002,0.999973983263
"Source-basis family",53,1.267648E-002,0.999975451155
"Source-basis family",54,1.144867E-002,0.999976776872
"Source-basis family",55,1.112887E-002,0.999978065556
"Source-basis family",56,1.109408E-002,0.999979350212
"Source-basis family",57,1.082282E-002,0.999980603456
"Source-basis family",58,1.040666E-002,0.999981808511
"Source-basis family",59,1.038554E-002,0.999983011119
"Source-basis family",60,1.037923E-002,0.999984212998
"Source-basis family",61,1.002509E-002,0.999985373868
"Source-basis family",62,9.414563E-003,0.999986464041
"Source-basis family",63,9.326163E-003,0.999987543978
"Source-basis family",64,8.159244E-003,0.999988488790
"Source-basis family",65,8.025352E-003,0.999989418098
"Source-basis family",66,7.145470E-003,0.999990245518
"Source-basis family",67,7.023986E-003,0.999991058871
"Source-basis family",68,6.734677E-003,0.999991838723
"Source-basis family",69,6.522146E-003,0.999992593964
"Source-basis family",70,6.319903E-003,0.999993325787
"Source-basis family",71,5.947099E-003,0.999994014440
"Source-basis family",72,5.373037E-003,0.999994636619
"Source-basis family",73,4.608859E-003,0.999995170309
"Source-basis family",74,4.289312E-003,0.999995666996
"Source-basis family",75,4.203744E-003,0.999996153775
"Source-basis family",76,4.121007E-003,0.999996630973
"Source-basis family",77,3.930265E-003,0.999997086084
"Source-basis family",78,3.075088E-003,0.999997442168
"Source-basis family",79,3.059857E-003,0.999997796489
"Source-basis family",80,2.926424E-003,0.999998135358
"Source-basis family",81,2.169594E-003,0.999998386590
"Source-basis family",82,2.133739E-003,0.999998633669
"Source-basis family",83,2.027006E-003,0.999998868389
"Source-basis family",84,2.021813E-003,0.999999102508
"Source-basis family",85,1.549757E-003,0.999999281965
"Source-basis family",86,1.421453E-003,0.999999446564
"Source-basis family",87,1.122228E-003,0.999999576514
"Source-basis family",88,1.014602E-003,0.999999694001
"Source-basis family",89,9.763976E-004,0.999999807065
"Source-basis family",90,8.131028E-004,0.999999901219
"Source-basis family",91,7.897027E-004,0.999999992664
"Source-basis family",92,3.329879E-006,0.999999993050
"Source-basis family",93,2.720981E-006,0.999999993365
"Source-basis family",94,2.610239E-006,0.999999993667
"Source-basis family",95,2.494856E-006,0.999999993956
"Source-basis family",96,2.458266E-006,0.999999994240
"Source-basis family",97,2.432334E-006,0.999999994522
"Source-basis family",98,2.386852E-006,0.999999994799
"Source-basis family",99,2.238364E-006,0.999999995058
"Source-basis family",100,2.053333E-006,0.999999995295
"Defect-lattice family",1,4.159294E+004,0.969991189664
"Defect-lattice family",2,8.680280E+002,0.990234516648
"Defect-lattice family",3,1.587320E+002,0.993936313691
"Defect-lattice family",4,1.279028E+002,0.996919142063
"Defect-lattice family",5,8.239360E+001,0.998840647575
"Defect-lattice family",6,4.005776E+001,0.999774836693
"Defect-lattice family",7,4.027695E+000,0.999868766775
"Defect-lattice family",8,3.203592E+000,0.999943477904
"Defect-lattice family",9,8.549606E-001,0.999963416484
"Defect-lattice family",10,6.532692E-001,0.999978651410
"Defect-lattice family",11,5.741808E-001,0.999992041911
"Defect-lattice family",12,2.569452E-001,0.999998034144
"Defect-lattice family",13,4.814223E-002,0.999999156871
"Defect-lattice family",14,1.420900E-002,0.999999488240
"Defect-lattice family",15,7.107667E-003,0.999999653998
"Defect-lattice family",16,5.133688E-003,0.999999773721
"Defect-lattice family",17,5.029460E-003,0.999999891013
"Defect-lattice family",18,2.090599E-003,0.999999939768
"Defect-lattice family",19,1.166420E-003,0.999999966970
"Defect-lattice family",20,4.945611E-004,0.999999978504
"Defect-lattice family",21,4.917560E-004,0.999999989972
"Defect-lattice family",22,2.870281E-004,0.999999996666
"Defect-lattice family",23,6.886367E-005,0.999999998272
"Defect-lattice family",24,6.314466E-005,0.999999999745
"Defect-lattice family",25,7.680983E-006,0.999999999924
"Defect-lattice family",26,2.653794E-006,0.999999999986
"Defect-lattice family",27,2.111946E-007,0.999999999991
"Defect-lattice family",28,1.614414E-007,0.999999999995
"Defect-lattice family",29,1.471849E-007,0.999999999998
"Defect-lattice family",30,3.031903E-008,0.999999999999
"Defect-lattice family",31,1.991972E-008,0.999999999999
"Defect-lattice family",32,1.391896E-008,0.999999999999
"Defect-lattice family",33,1.129520E-008,1.000000000000
"Defect-lattice family",34,6.014851E-009,1.000000000000
"Defect-lattice family",35,2.471155E-009,1.000000000000
"Defect-lattice family",36,2.424891E-009,1.000000000000
"Defect-lattice family",37,4.560471E-010,1.000000000000
"Defect-lattice family",38,2.624083E-010,1.000000000000
"Defect-lattice family",39,2.471029E-010,1.000000000000
"Defect-lattice family",40,1.497865E-010,1.000000000000
"Defect-lattice family",41,4.057402E-011,1.000000000000
"Defect-lattice family",42,2.962844E-011,1.000000000000
"Defect-lattice family",43,2.912883E-011,1.000000000000
"Defect-lattice family",44,1.444377E-011,1.000000000000
"Defect-lattice family",45,8.755339E-012,1.000000000000
"Defect-lattice family",46,6.709097E-012,1.000000000000
"Defect-lattice family",47,5.806461E-012,1.000000000000
"Defect-lattice family",48,4.015619E-012,1.000000000000
"Defect-lattice family",49,3.918598E-012,1.000000000000
"Defect-lattice family",50,3.501066E-012,1.000000000000
"Defect-lattice family",51,2.843644E-012,1.000000000000
"Defect-lattice family",52,2.254284E-012,1.000000000000
"Defect-lattice family",53,2.173383E-012,1.000000000000
"Defect-lattice family",54,1.671088E-012,1.000000000000
"Defect-lattice family",55,1.616372E-012,1.000000000000
"Defect-lattice family",56,1.489322E-012,1.000000000000
"Defect-lattice family",57,1.411192E-012,1.000000000000
"Defect-lattice family",58,1.322955E-012,1.000000000000
"Defect-lattice family",59,1.174177E-012,1.000000000000
"Defect-lattice family",60,1.086525E-012,1.000000000000
"Defect-lattice family",61,1.018625E-012,1.000000000000
"Defect-lattice family",62,9.591466E-013,1.000000000000
"Defect-lattice family",63,9.318109E-013,1.000000000000
"Defect-lattice family",64,8.497109E-013,1.000000000000
"Defect-lattice family",65,7.877091E-013,1.000000000000
"Defect-lattice family",66,7.722107E-013,1.000000000000
"Defect-lattice family",67,7.349934E-013,1.000000000000
"Defect-lattice family",68,6.863922E-013,1.000000000000
"Defect-lattice family",69,6.456901E-013,1.000000000000
"Defect-lattice family",70,6.271102E-013,1.000000000000
"Defect-lattice family",71,6.016682E-013,1.000000000000
"Defect-lattice family",72,5.398166E-013,1.000000000000
"Defect-lattice family",73,5.085062E-013,1.000000000000
"Defect-lattice family",74,4.918582E-013,1.000000000000
"Defect-lattice family",75,4.331892E-013,1.000000000000
"Defect-lattice family",76,4.105176E-013,1.000000000000
"Defect-lattice family",77,3.833809E-013,1.000000000000
"Defect-lattice family",78,3.614255E-013,1.000000000000
"Defect-lattice family",79,3.446735E-013,1.000000000000
"Defect-lattice family",80,3.073627E-013,1.000000000000
"Defect-lattice family",81,2.843112E-013,1.000000000000
"Defect-lattice family",82,2.413844E-013,1.000000000000
"Defect-lattice family",83,2.195937E-013,1.000000000000
"Defect-lattice family",84,1.981950E-013,1.000000000000
"Defect-lattice family",85,1.854672E-013,1.000000000000
"Defect-lattice family",86,1.755173E-013,1.000000000000
"Defect-lattice family",87,1.619216E-013,1.000000000000
"Defect-lattice family",88,1.465004E-013,1.000000000000
"Defect-lattice family",89,1.362448E-013,1.000000000000
"Defect-lattice family",90,1.092938E-013,1.000000000000
"Defect-lattice family",91,9.913101E-014,1.000000000000
"Defect-lattice family",92,8.937443E-014,1.000000000000
"Defect-lattice family",93,8.105807E-014,1.000000000000
"Defect-lattice family",94,7.552746E-014,1.000000000000
"Defect-lattice family",95,5.657695E-014,1.000000000000
"Defect-lattice family",96,4.357999E-014,1.000000000000
"Defect-lattice family",97,3.445957E-014,1.000000000000
"Defect-lattice family",98,2.236360E-014,1.000000000000
"Defect-lattice family",99,1.909665E-014,1.000000000000
"Defect-lattice family",100,1.048913E-014,1.000000000000
