family,test,modes,captured_energy,rmse_K,max_error_K,projection_rmse_K,peak_error_K,fom_ms,rom_ms,speedup,full_dimension
"Source-basis family","True defect · baseline cooling",2,0.992812973,8.5861E-001,3.1950E+000,8.5721E-001,1.9115E+000,10.314,0.700,14.74,800
"Source-basis family","True defect · baseline cooling",5,0.997411537,5.5863E-001,2.4486E+000,5.5601E-001,1.4017E+000,10.314,1.135,9.08,800
"Source-basis family","True defect · baseline cooling",10,0.999064984,2.1058E-001,1.1458E+000,2.0941E-001,7.3727E-001,10.314,1.727,5.97,800
"Source-basis family","True defect · baseline cooling",15,0.999558075,1.4851E-001,8.6290E-001,1.4755E-001,6.5878E-001,10.314,2.468,4.18,800
"Source-basis family","True defect · baseline cooling",20,0.999738260,9.5113E-002,5.1557E-001,9.4398E-002,4.2142E-001,10.314,2.512,4.11,800
"Source-basis family","True defect · baseline cooling",30,0.999892291,3.6001E-002,2.1113E-001,3.5812E-002,1.5436E-001,10.314,3.690,2.79,800
"Source-basis family","True defect · baseline cooling",40,0.999947215,2.3150E-002,1.4164E-001,2.2994E-002,9.3463E-002,10.314,5.235,1.97,800
"Source-basis family","True defect · baseline cooling",60,0.999984213,9.8188E-003,7.9845E-002,9.7040E-003,2.2388E-002,10.314,6.436,1.60,800
"Source-basis family","True defect · baseline cooling",80,0.999998135,7.9198E-003,7.7168E-002,7.7881E-003,2.3755E-003,10.314,9.964,1.04,800
"Defect-lattice family","True defect · baseline cooling",2,0.990234517,7.8444E-001,3.0874E+000,7.8268E-001,1.7925E+000,10.314,0.776,13.29,800
"Defect-lattice family","True defect · baseline cooling",5,0.998840648,5.4964E-001,2.5168E+000,5.2053E-001,8.9400E-001,10.314,1.159,8.90,800
"Defect-lattice family","True defect · baseline cooling",10,0.999978651,4.8506E-001,2.1859E+000,4.5484E-001,9.6657E-001,10.314,1.449,7.12,800
"Defect-lattice family","True defect · baseline cooling",15,0.999999654,2.6847E-001,1.2942E+000,2.5726E-001,1.0164E+000,10.314,2.850,3.62,800
"Defect-lattice family","True defect · baseline cooling",20,0.999999979,2.0990E-001,1.0552E+000,2.0584E-001,7.9972E-001,10.314,2.335,4.42,800
"Defect-lattice family","True defect · baseline cooling",30,1.000000000,1.5788E-001,7.1296E-001,1.5413E-001,5.6622E-001,10.314,4.393,2.35,800
"Source-basis family","True defect · random schedule",2,0.992812973,7.7538E-001,3.2174E+000,7.7464E-001,2.0791E+000,14.427,0.540,26.70,800
"Source-basis family","True defect · random schedule",5,0.997411537,5.3249E-001,2.4581E+000,5.3104E-001,1.4783E+000,14.427,2.081,6.93,800
"Source-basis family","True defect · random schedule",10,0.999064984,2.0855E-001,1.1478E+000,2.0764E-001,7.2622E-001,14.427,1.736,8.31,800
"Source-basis family","True defect · random schedule",15,0.999558075,1.4672E-001,8.6413E-001,1.4593E-001,6.5324E-001,14.427,2.449,5.89,800
"Source-basis family","True defect · random schedule",20,0.999738260,9.3191E-002,5.1391E-001,9.2616E-002,4.2620E-001,14.427,3.150,4.58,800
"Source-basis family","True defect · random schedule",30,0.999892291,3.5979E-002,2.1111E-001,3.5803E-002,1.5891E-001,14.427,4.173,3.46,800
"Source-basis family","True defect · random schedule",40,0.999947215,2.2649E-002,1.4028E-001,2.2518E-002,8.7202E-002,14.427,4.888,2.95,800
"Source-basis family","True defect · random schedule",60,0.999984213,9.6996E-003,8.0044E-002,9.5893E-003,2.1290E-002,14.427,7.186,2.01,800
"Source-basis family","True defect · random schedule",80,0.999998135,7.8441E-003,7.7531E-002,7.7154E-003,2.2887E-003,14.427,10.328,1.40,800
"Defect-lattice family","True defect · random schedule",2,0.990234517,7.1618E-001,3.0812E+000,7.1595E-001,1.9064E+000,14.427,0.912,15.82,800
"Defect-lattice family","True defect · random schedule",5,0.998840648,5.1968E-001,2.5164E+000,5.0051E-001,9.8073E-001,14.427,1.339,10.78,800
"Defect-lattice family","True defect · random schedule",10,0.999978651,4.5997E-001,2.2062E+000,4.3394E-001,1.0329E+000,14.427,2.164,6.67,800
"Defect-lattice family","True defect · random schedule",15,0.999999654,2.5792E-001,1.3059E+000,2.4850E-001,1.0348E+000,14.427,3.582,4.03,800
"Defect-lattice family","True defect · random schedule",20,0.999999979,2.0464E-001,1.0644E+000,2.0091E-001,7.8558E-001,14.427,4.188,3.44,800
"Defect-lattice family","True defect · random schedule",30,1.000000000,1.5410E-001,7.1891E-001,1.5055E-001,5.6484E-001,14.427,6.138,2.35,800
"Source-basis family","Reconstructed source q̂ · ramp",2,0.992812973,7.5862E-001,2.3110E+000,7.5748E-001,1.2252E+000,19.861,0.831,23.89,800
"Source-basis family","Reconstructed source q̂ · ramp",5,0.997411537,4.6053E-001,1.9668E+000,4.5849E-001,6.7784E-001,19.861,1.668,11.91,800
"Source-basis family","Reconstructed source q̂ · ramp",10,0.999064984,1.3325E-001,5.6193E-001,1.3247E-001,1.1018E-001,19.861,2.836,7.00,800
"Source-basis family","Reconstructed source q̂ · ramp",15,0.999558075,3.2320E-002,1.9641E-001,3.2001E-002,8.6942E-003,19.861,4.372,4.54,800
"Source-basis family","Reconstructed source q̂ · ramp",20,0.999738260,1.8065E-002,1.1202E-001,1.7869E-002,8.7722E-004,19.861,5.669,3.50,800
"Source-basis family","Reconstructed source q̂ · ramp",30,0.999892291,1.1361E-002,6.8672E-002,1.1136E-002,2.3625E-002,19.861,7.310,2.72,800
"Source-basis family","Reconstructed source q̂ · ramp",40,0.999947215,8.5435E-003,4.7552E-002,8.3622E-003,1.6983E-002,19.861,14.641,1.36,800
"Source-basis family","Reconstructed source q̂ · ramp",60,0.999984213,2.5579E-003,2.6269E-002,2.5003E-003,1.7819E-003,19.861,12.858,1.54,800
"Source-basis family","Reconstructed source q̂ · ramp",80,0.999998135,4.8121E-004,6.3781E-003,4.7294E-004,5.7321E-005,19.861,21.233,0.94,800
"Defect-lattice family","Reconstructed source q̂ · ramp",2,0.990234517,6.8400E-001,2.2998E+000,6.8350E-001,1.0560E+000,19.861,0.708,28.04,800
"Defect-lattice family","Reconstructed source q̂ · ramp",5,0.998840648,4.4623E-001,1.5737E+000,4.1880E-001,2.7074E-001,19.861,1.331,14.93,800
"Defect-lattice family","Reconstructed source q̂ · ramp",10,0.999978651,3.8259E-001,1.1529E+000,3.5422E-001,2.5141E-001,19.861,2.287,8.68,800
"Defect-lattice family","Reconstructed source q̂ · ramp",15,0.999999654,1.8478E-001,5.7074E-001,1.7335E-001,3.4304E-001,19.861,2.904,6.84,800
"Defect-lattice family","Reconstructed source q̂ · ramp",20,0.999999979,6.7314E-002,2.8207E-001,6.4033E-002,3.6882E-002,19.861,4.703,4.22,800
"Defect-lattice family","Reconstructed source q̂ · ramp",30,1.000000000,2.3922E-002,1.2578E-001,2.2830E-002,2.5050E-002,19.861,5.117,3.88,800
